AAA_C_p,0.00036987465008591816
AAC_C_p,0.00036987465008591816
AAG_C_p,0.00036987465008591816
AAT_C_p,0.00036987465008591816
CAA_C_p,0.00036987465008591816
CAC_C_p,0.00036987465008591816
CAG_C_p,0.00036987465008591816
CAT_C_p,0.00036987465008591816
GAA_C_p,0.00036987465008591816
GAC_C_p,0.00036987465008591816
GAG_C_p,0.00036987465008591816
GAT_C_p,0.00036987465008591816
TAA_C_p,0.00036987465008591816
TAC_C_p,0.00036987465008591816
TAG_C_p,0.00036987465008591816
TAT_C_p,0.00036987465008591816
AAA_C_up,0.00044860753884846434
AAC_C_up,0.00044860753884846434
AAG_C_up,0.00044860753884846434
AAT_C_up,0.00044860753884846434
CAA_C_up,0.00044860753884846434
CAC_C_up,0.00044860753884846434
CAG_C_up,0.00044860753884846434
CAT_C_up,0.00044860753884846434
GAA_C_up,0.00044860753884846434
GAC_C_up,0.00044860753884846434
GAG_C_up,0.00044860753884846434
GAT_C_up,0.00044860753884846434
TAA_C_up,0.00044860753884846434
TAC_C_up,0.00044860753884846434
TAG_C_up,0.00044860753884846434
TAT_C_up,0.00044860753884846434
AAA_G_p,0.0026663491258940913
AAC_G_p,0.0026663491258940913
AAG_G_p,0.0026663491258940913
AAT_G_p,0.0026663491258940913
CAA_G_p,0.0026663491258940913
CAC_G_p,0.0026663491258940913
CAG_G_p,0.0026663491258940913
CAT_G_p,0.0026663491258940913
GAA_G_p,0.0026663491258940913
GAC_G_p,0.0026663491258940913
GAG_G_p,0.0026663491258940913
GAT_G_p,0.0026663491258940913
TAA_G_p,0.0026663491258940913
TAC_G_p,0.0026663491258940913
TAG_G_p,0.0026663491258940913
TAT_G_p,0.0026663491258940913
AAA_G_up,0.003263291239055902
AAC_G_up,0.003263291239055902
AAG_G_up,0.003263291239055902
AAT_G_up,0.003263291239055902
CAA_G_up,0.003263291239055902
CAC_G_up,0.003263291239055902
CAG_G_up,0.003263291239055902
CAT_G_up,0.003263291239055902
GAA_G_up,0.003263291239055902
GAC_G_up,0.003263291239055902
GAG_G_up,0.003263291239055902
GAT_G_up,0.003263291239055902
TAA_G_up,0.003263291239055902
TAC_G_up,0.003263291239055902
TAG_G_up,0.003263291239055902
TAT_G_up,0.003263291239055902
AAA_T_p,0.0012885955551380373
AAC_T_p,0.0012885955551380373
AAG_T_p,0.0012885955551380373
AAT_T_p,0.0012885955551380373
CAA_T_p,0.0012885955551380373
CAC_T_p,0.0012885955551380373
CAG_T_p,0.0012885955551380373
CAT_T_p,0.0012885955551380373
GAA_T_p,0.0012885955551380373
GAC_T_p,0.0012885955551380373
GAG_T_p,0.0012885955551380373
GAT_T_p,0.0012885955551380373
TAA_T_p,0.0012885955551380373
TAC_T_p,0.0012885955551380373
TAG_T_p,0.0012885955551380373
TAT_T_p,0.0012885955551380373
AAA_T_up,0.002634866765276364
AAC_T_up,0.002634866765276364
AAG_T_up,0.002634866765276364
AAT_T_up,0.002634866765276364
CAA_T_up,0.002634866765276364
CAC_T_up,0.002634866765276364
CAG_T_up,0.002634866765276364
CAT_T_up,0.002634866765276364
GAA_T_up,0.002634866765276364
GAC_T_up,0.002634866765276364
GAG_T_up,0.002634866765276364
GAT_T_up,0.002634866765276364
TAA_T_up,0.002634866765276364
TAC_T_up,0.002634866765276364
TAG_T_up,0.002634866765276364
TAT_T_up,0.002634866765276364
ACA_A_p,0.0008244883840924492
ACC_A_p,0.0008244883840924492
ACG_A_p,0.0008244883840924492
ACT_A_p,0.0008244883840924492
CCA_A_p,0.0008244883840924492
CCC_A_p,0.0008244883840924492
CCG_A_p,0.0008244883840924492
CCT_A_p,0.0008244883840924492
GCA_A_p,0.0008244883840924492
GCC_A_p,0.0008244883840924492
GCG_A_p,0.0008244883840924492
GCT_A_p,0.0008244883840924492
TCA_A_p,0.0008244883840924492
TCC_A_p,0.0008244883840924492
TCG_A_p,0.0008244883840924492
TCT_A_p,0.0008244883840924492
ACA_A_up,0.0011812125922098678
ACC_A_up,0.0011812125922098678
ACG_A_up,0.0011812125922098678
ACT_A_up,0.0011812125922098678
CCA_A_up,0.0011812125922098678
CCC_A_up,0.0011812125922098678
CCG_A_up,0.0011812125922098678
CCT_A_up,0.0011812125922098678
GCA_A_up,0.0011812125922098678
GCC_A_up,0.0011812125922098678
GCG_A_up,0.0011812125922098678
GCT_A_up,0.0011812125922098678
TCA_A_up,0.0011812125922098678
TCC_A_up,0.0011812125922098678
TCG_A_up,0.0011812125922098678
TCT_A_up,0.0011812125922098678
ACA_G_p,0.0002531461483477767
ACC_G_p,0.0002531461483477767
ACG_G_p,0.0002531461483477767
ACT_G_p,0.0002531461483477767
CCA_G_p,0.0002531461483477767
CCC_G_p,0.0002531461483477767
CCG_G_p,0.0002531461483477767
CCT_G_p,0.0002531461483477767
GCA_G_p,0.0002531461483477767
GCC_G_p,0.0002531461483477767
GCG_G_p,0.0002531461483477767
GCT_G_p,0.0002531461483477767
TCA_G_p,0.0002531461483477767
TCC_G_p,0.0002531461483477767
TCG_G_p,0.0002531461483477767
TCT_G_p,0.0002531461483477767
ACA_G_up,0.0005727091356169056
ACC_G_up,0.0005727091356169056
ACG_G_up,0.0005727091356169056
ACT_G_up,0.0005727091356169056
CCA_G_up,0.0005727091356169056
CCC_G_up,0.0005727091356169056
CCG_G_up,0.0005727091356169056
CCT_G_up,0.0005727091356169056
GCA_G_up,0.0005727091356169056
GCC_G_up,0.0005727091356169056
GCG_G_up,0.0005727091356169056
GCT_G_up,0.0005727091356169056
TCA_G_up,0.0005727091356169056
TCC_G_up,0.0005727091356169056
TCG_G_up,0.0005727091356169056
TCT_G_up,0.0005727091356169056
ACA_T_p,0.006542100510700805
ACC_T_p,0.006542100510700805
ACG_T_p,0.006542100510700805
ACT_T_p,0.006542100510700805
CCA_T_p,0.006542100510700805
CCC_T_p,0.006542100510700805
CCG_T_p,0.006542100510700805
CCT_T_p,0.006542100510700805
GCA_T_p,0.006542100510700805
GCC_T_p,0.006542100510700805
GCG_T_p,0.006542100510700805
GCT_T_p,0.006542100510700805
TCA_T_p,0.006542100510700805
TCC_T_p,0.006542100510700805
TCG_T_p,0.006542100510700805
TCT_T_p,0.006542100510700805
ACA_T_up,0.011768459820990956
ACC_T_up,0.011768459820990956
ACG_T_up,0.011768459820990956
ACT_T_up,0.011768459820990956
CCA_T_up,0.011768459820990956
CCC_T_up,0.011768459820990956
CCG_T_up,0.011768459820990956
CCT_T_up,0.011768459820990956
GCA_T_up,0.011768459820990956
GCC_T_up,0.011768459820990956
GCG_T_up,0.011768459820990956
GCT_T_up,0.011768459820990956
TCA_T_up,0.011768459820990956
TCC_T_up,0.011768459820990956
TCG_T_up,0.011768459820990956
TCT_T_up,0.011768459820990956
AGA_A_p,0.005018691330577556
AGC_A_p,0.005018691330577556
AGG_A_p,0.005018691330577556
AGT_A_p,0.005018691330577556
CGA_A_p,0.005018691330577556
CGC_A_p,0.005018691330577556
CGG_A_p,0.005018691330577556
CGT_A_p,0.005018691330577556
GGA_A_p,0.005018691330577556
GGC_A_p,0.005018691330577556
GGG_A_p,0.005018691330577556
GGT_A_p,0.005018691330577556
TGA_A_p,0.005018691330577556
TGC_A_p,0.005018691330577556
TGG_A_p,0.005018691330577556
TGT_A_p,0.005018691330577556
AGA_A_up,0.005917994401374691
AGC_A_up,0.005917994401374691
AGG_A_up,0.005917994401374691
AGT_A_up,0.005917994401374691
CGA_A_up,0.005917994401374691
CGC_A_up,0.005917994401374691
CGG_A_up,0.005917994401374691
CGT_A_up,0.005917994401374691
GGA_A_up,0.005917994401374691
GGC_A_up,0.005917994401374691
GGG_A_up,0.005917994401374691
GGT_A_up,0.005917994401374691
TGA_A_up,0.005917994401374691
TGC_A_up,0.005917994401374691
TGG_A_up,0.005917994401374691
TGT_A_up,0.005917994401374691
AGA_C_p,0.0005789342349170893
AGC_C_p,0.0005789342349170893
AGG_C_p,0.0005789342349170893
AGT_C_p,0.0005789342349170893
CGA_C_p,0.0005789342349170893
CGC_C_p,0.0005789342349170893
CGG_C_p,0.0005789342349170893
CGT_C_p,0.0005789342349170893
GGA_C_p,0.0005789342349170893
GGC_C_p,0.0005789342349170893
GGG_C_p,0.0005789342349170893
GGT_C_p,0.0005789342349170893
TGA_C_p,0.0005789342349170893
TGC_C_p,0.0005789342349170893
TGG_C_p,0.0005789342349170893
TGT_C_p,0.0005789342349170893
AGA_C_up,0.0010242682617763888
AGC_C_up,0.0010242682617763888
AGG_C_up,0.0010242682617763888
AGT_C_up,0.0010242682617763888
CGA_C_up,0.0010242682617763888
CGC_C_up,0.0010242682617763888
CGG_C_up,0.0010242682617763888
CGT_C_up,0.0010242682617763888
GGA_C_up,0.0010242682617763888
GGC_C_up,0.0010242682617763888
GGG_C_up,0.0010242682617763888
GGT_C_up,0.0010242682617763888
TGA_C_up,0.0010242682617763888
TGC_C_up,0.0010242682617763888
TGG_C_up,0.0010242682617763888
TGT_C_up,0.0010242682617763888
AGA_T_p,0.0018071018618483429
AGC_T_p,0.0018071018618483429
AGG_T_p,0.0018071018618483429
AGT_T_p,0.0018071018618483429
CGA_T_p,0.0018071018618483429
CGC_T_p,0.0018071018618483429
CGG_T_p,0.0018071018618483429
CGT_T_p,0.0018071018618483429
GGA_T_p,0.0018071018618483429
GGC_T_p,0.0018071018618483429
GGG_T_p,0.0018071018618483429
GGT_T_p,0.0018071018618483429
TGA_T_p,0.0018071018618483429
TGC_T_p,0.0018071018618483429
TGG_T_p,0.0018071018618483429
TGT_T_p,0.0018071018618483429
AGA_T_up,0.004644937466195252
AGC_T_up,0.004644937466195252
AGG_T_up,0.004644937466195252
AGT_T_up,0.004644937466195252
CGA_T_up,0.004644937466195252
CGC_T_up,0.004644937466195252
CGG_T_up,0.004644937466195252
CGT_T_up,0.004644937466195252
GGA_T_up,0.004644937466195252
GGC_T_up,0.004644937466195252
GGG_T_up,0.004644937466195252
GGT_T_up,0.004644937466195252
TGA_T_up,0.004644937466195252
TGC_T_up,0.004644937466195252
TGG_T_up,0.004644937466195252
TGT_T_up,0.004644937466195252
ATA_A_p,0.0007959612530724318
ATC_A_p,0.0007959612530724318
ATG_A_p,0.0007959612530724318
ATT_A_p,0.0007959612530724318
CTA_A_p,0.0007959612530724318
CTC_A_p,0.0007959612530724318
CTG_A_p,0.0007959612530724318
CTT_A_p,0.0007959612530724318
GTA_A_p,0.0007959612530724318
GTC_A_p,0.0007959612530724318
GTG_A_p,0.0007959612530724318
GTT_A_p,0.0007959612530724318
TTA_A_p,0.0007959612530724318
TTC_A_p,0.0007959612530724318
TTG_A_p,0.0007959612530724318
TTT_A_p,0.0007959612530724318
ATA_A_up,0.0015250654484774528
ATC_A_up,0.0015250654484774528
ATG_A_up,0.0015250654484774528
ATT_A_up,0.0015250654484774528
CTA_A_up,0.0015250654484774528
CTC_A_up,0.0015250654484774528
CTG_A_up,0.0015250654484774528
CTT_A_up,0.0015250654484774528
GTA_A_up,0.0015250654484774528
GTC_A_up,0.0015250654484774528
GTG_A_up,0.0015250654484774528
GTT_A_up,0.0015250654484774528
TTA_A_up,0.0015250654484774528
TTC_A_up,0.0015250654484774528
TTG_A_up,0.0015250654484774528
TTT_A_up,0.0015250654484774528
ATA_C_p,0.003408997869063211
ATC_C_p,0.003408997869063211
ATG_C_p,0.003408997869063211
ATT_C_p,0.003408997869063211
CTA_C_p,0.003408997869063211
CTC_C_p,0.003408997869063211
CTG_C_p,0.003408997869063211
CTT_C_p,0.003408997869063211
GTA_C_p,0.003408997869063211
GTC_C_p,0.003408997869063211
GTG_C_p,0.003408997869063211
GTT_C_p,0.003408997869063211
TTA_C_p,0.003408997869063211
TTC_C_p,0.003408997869063211
TTG_C_p,0.003408997869063211
TTT_C_p,0.003408997869063211
ATA_C_up,0.005008411550437451
ATC_C_up,0.005008411550437451
ATG_C_up,0.005008411550437451
ATT_C_up,0.005008411550437451
CTA_C_up,0.005008411550437451
CTC_C_up,0.005008411550437451
CTG_C_up,0.005008411550437451
CTT_C_up,0.005008411550437451
GTA_C_up,0.005008411550437451
GTC_C_up,0.005008411550437451
GTG_C_up,0.005008411550437451
GTT_C_up,0.005008411550437451
TTA_C_up,0.005008411550437451
TTC_C_up,0.005008411550437451
TTG_C_up,0.005008411550437451
TTT_C_up,0.005008411550437451
ATA_G_p,0.0003566648411542782
ATC_G_p,0.0003566648411542782
ATG_G_p,0.0003566648411542782
ATT_G_p,0.0003566648411542782
CTA_G_p,0.0003566648411542782
CTC_G_p,0.0003566648411542782
CTG_G_p,0.0003566648411542782
CTT_G_p,0.0003566648411542782
GTA_G_p,0.0003566648411542782
GTC_G_p,0.0003566648411542782
GTG_G_p,0.0003566648411542782
GTT_G_p,0.0003566648411542782
TTA_G_p,0.0003566648411542782
TTC_G_p,0.0003566648411542782
TTG_G_p,0.0003566648411542782
TTT_G_p,0.0003566648411542782
ATA_G_up,0.0005992700148483152
ATC_G_up,0.0005992700148483152
ATG_G_up,0.0005992700148483152
ATT_G_up,0.0005992700148483152
CTA_G_up,0.0005992700148483152
CTC_G_up,0.0005992700148483152
CTG_G_up,0.0005992700148483152
CTT_G_up,0.0005992700148483152
GTA_G_up,0.0005992700148483152
GTC_G_up,0.0005992700148483152
GTG_G_up,0.0005992700148483152
GTT_G_up,0.0005992700148483152
TTA_G_up,0.0005992700148483152
TTC_G_up,0.0005992700148483152
TTG_G_up,0.0005992700148483152
TTT_G_up,0.0005992700148483152
