AAA_C_p,0.00010269817969019962
AAC_C_p,0.00010269817969019962
AAG_C_p,0.00010269817969019962
AAT_C_p,0.00010269817969019962
CAA_C_p,0.00010269817969019962
CAC_C_p,0.00010269817969019962
CAG_C_p,0.00010269817969019962
CAT_C_p,0.00010269817969019962
GAA_C_p,0.00010269817969019962
GAC_C_p,0.00010269817969019962
GAG_C_p,0.00010269817969019962
GAT_C_p,0.00010269817969019962
TAA_C_p,0.00010269817969019962
TAC_C_p,0.00010269817969019962
TAG_C_p,0.00010269817969019962
TAT_C_p,0.00010269817969019962
AAA_C_up,9.541043007658747e-05
AAC_C_up,9.541043007658747e-05
AAG_C_up,9.541043007658747e-05
AAT_C_up,9.541043007658747e-05
CAA_C_up,9.541043007658747e-05
CAC_C_up,9.541043007658747e-05
CAG_C_up,9.541043007658747e-05
CAT_C_up,9.541043007658747e-05
GAA_C_up,9.541043007658747e-05
GAC_C_up,9.541043007658747e-05
GAG_C_up,9.541043007658747e-05
GAT_C_up,9.541043007658747e-05
TAA_C_up,9.541043007658747e-05
TAC_C_up,9.541043007658747e-05
TAG_C_up,9.541043007658747e-05
TAT_C_up,9.541043007658747e-05
AAA_G_p,0.0008660774055164586
AAC_G_p,0.0008660774055164586
AAG_G_p,0.0008660774055164586
AAT_G_p,0.0008660774055164586
CAA_G_p,0.0008660774055164586
CAC_G_p,0.0008660774055164586
CAG_G_p,0.0008660774055164586
CAT_G_p,0.0008660774055164586
GAA_G_p,0.0008660774055164586
GAC_G_p,0.0008660774055164586
GAG_G_p,0.0008660774055164586
GAT_G_p,0.0008660774055164586
TAA_G_p,0.0008660774055164586
TAC_G_p,0.0008660774055164586
TAG_G_p,0.0008660774055164586
TAT_G_p,0.0008660774055164586
AAA_G_up,0.0005683552490852379
AAC_G_up,0.0005683552490852379
AAG_G_up,0.0005683552490852379
AAT_G_up,0.0005683552490852379
CAA_G_up,0.0005683552490852379
CAC_G_up,0.0005683552490852379
CAG_G_up,0.0005683552490852379
CAT_G_up,0.0005683552490852379
GAA_G_up,0.0005683552490852379
GAC_G_up,0.0005683552490852379
GAG_G_up,0.0005683552490852379
GAT_G_up,0.0005683552490852379
TAA_G_up,0.0005683552490852379
TAC_G_up,0.0005683552490852379
TAG_G_up,0.0005683552490852379
TAT_G_up,0.0005683552490852379
AAA_T_p,7.896348927290905e-05
AAC_T_p,7.896348927290905e-05
AAG_T_p,7.896348927290905e-05
AAT_T_p,7.896348927290905e-05
CAA_T_p,7.896348927290905e-05
CAC_T_p,7.896348927290905e-05
CAG_T_p,7.896348927290905e-05
CAT_T_p,7.896348927290905e-05
GAA_T_p,7.896348927290905e-05
GAC_T_p,7.896348927290905e-05
GAG_T_p,7.896348927290905e-05
GAT_T_p,7.896348927290905e-05
TAA_T_p,7.896348927290905e-05
TAC_T_p,7.896348927290905e-05
TAG_T_p,7.896348927290905e-05
TAT_T_p,7.896348927290905e-05
AAA_T_up,0.00043580375157190276
AAC_T_up,0.00043580375157190276
AAG_T_up,0.00043580375157190276
AAT_T_up,0.00043580375157190276
CAA_T_up,0.00043580375157190276
CAC_T_up,0.00043580375157190276
CAG_T_up,0.00043580375157190276
CAT_T_up,0.00043580375157190276
GAA_T_up,0.00043580375157190276
GAC_T_up,0.00043580375157190276
GAG_T_up,0.00043580375157190276
GAT_T_up,0.00043580375157190276
TAA_T_up,0.00043580375157190276
TAC_T_up,0.00043580375157190276
TAG_T_up,0.00043580375157190276
TAT_T_up,0.00043580375157190276
ACA_A_p,0.00018590059133756615
ACC_A_p,0.00018590059133756615
ACG_A_p,0.00018590059133756615
ACT_A_p,0.00018590059133756615
CCA_A_p,0.00018590059133756615
CCC_A_p,0.00018590059133756615
CCG_A_p,0.00018590059133756615
CCT_A_p,0.00018590059133756615
GCA_A_p,0.00018590059133756615
GCC_A_p,0.00018590059133756615
GCG_A_p,0.00018590059133756615
GCT_A_p,0.00018590059133756615
TCA_A_p,0.00018590059133756615
TCC_A_p,0.00018590059133756615
TCG_A_p,0.00018590059133756615
TCT_A_p,0.00018590059133756615
ACA_A_up,0.0005406213995863068
ACC_A_up,0.0005406213995863068
ACG_A_up,0.0005406213995863068
ACT_A_up,0.0005406213995863068
CCA_A_up,0.0005406213995863068
CCC_A_up,0.0005406213995863068
CCG_A_up,0.0005406213995863068
CCT_A_up,0.0005406213995863068
GCA_A_up,0.0005406213995863068
GCC_A_up,0.0005406213995863068
GCG_A_up,0.0005406213995863068
GCT_A_up,0.0005406213995863068
TCA_A_up,0.0005406213995863068
TCC_A_up,0.0005406213995863068
TCG_A_up,0.0005406213995863068
TCT_A_up,0.0005406213995863068
ACA_G_p,0.0
ACC_G_p,0.0
ACG_G_p,0.0
ACT_G_p,0.0
CCA_G_p,0.0
CCC_G_p,0.0
CCG_G_p,0.0
CCT_G_p,0.0
GCA_G_p,0.0
GCC_G_p,0.0
GCG_G_p,0.0
GCT_G_p,0.0
TCA_G_p,0.0
TCC_G_p,0.0
TCG_G_p,0.0
TCT_G_p,0.0
ACA_G_up,0.0001221084885663542
ACC_G_up,0.0001221084885663542
ACG_G_up,0.0001221084885663542
ACT_G_up,0.0001221084885663542
CCA_G_up,0.0001221084885663542
CCC_G_up,0.0001221084885663542
CCG_G_up,0.0001221084885663542
CCT_G_up,0.0001221084885663542
GCA_G_up,0.0001221084885663542
GCC_G_up,0.0001221084885663542
GCG_G_up,0.0001221084885663542
GCT_G_up,0.0001221084885663542
TCA_G_up,0.0001221084885663542
TCC_G_up,0.0001221084885663542
TCG_G_up,0.0001221084885663542
TCT_G_up,0.0001221084885663542
ACA_T_p,0.011723413744812264
ACC_T_p,0.011723413744812264
ACG_T_p,0.011723413744812264
ACT_T_p,0.011723413744812264
CCA_T_p,0.011723413744812264
CCC_T_p,0.011723413744812264
CCG_T_p,0.011723413744812264
CCT_T_p,0.011723413744812264
GCA_T_p,0.011723413744812264
GCC_T_p,0.011723413744812264
GCG_T_p,0.011723413744812264
GCT_T_p,0.011723413744812264
TCA_T_p,0.011723413744812264
TCC_T_p,0.011723413744812264
TCG_T_p,0.011723413744812264
TCT_T_p,0.011723413744812264
ACA_T_up,0.033664328241614264
ACC_T_up,0.033664328241614264
ACG_T_up,0.033664328241614264
ACT_T_up,0.033664328241614264
CCA_T_up,0.033664328241614264
CCC_T_up,0.033664328241614264
CCG_T_up,0.033664328241614264
CCT_T_up,0.033664328241614264
GCA_T_up,0.033664328241614264
GCC_T_up,0.033664328241614264
GCG_T_up,0.033664328241614264
GCT_T_up,0.033664328241614264
TCA_T_up,0.033664328241614264
TCC_T_up,0.033664328241614264
TCG_T_up,0.033664328241614264
TCT_T_up,0.033664328241614264
AGA_A_p,0.0012404737335102265
AGC_A_p,0.0012404737335102265
AGG_A_p,0.0012404737335102265
AGT_A_p,0.0012404737335102265
CGA_A_p,0.0012404737335102265
CGC_A_p,0.0012404737335102265
CGG_A_p,0.0012404737335102265
CGT_A_p,0.0012404737335102265
GGA_A_p,0.0012404737335102265
GGC_A_p,0.0012404737335102265
GGG_A_p,0.0012404737335102265
GGT_A_p,0.0012404737335102265
TGA_A_p,0.0012404737335102265
TGC_A_p,0.0012404737335102265
TGG_A_p,0.0012404737335102265
TGT_A_p,0.0012404737335102265
AGA_A_up,0.0009582947727294787
AGC_A_up,0.0009582947727294787
AGG_A_up,0.0009582947727294787
AGT_A_up,0.0009582947727294787
CGA_A_up,0.0009582947727294787
CGC_A_up,0.0009582947727294787
CGG_A_up,0.0009582947727294787
CGT_A_up,0.0009582947727294787
GGA_A_up,0.0009582947727294787
GGC_A_up,0.0009582947727294787
GGG_A_up,0.0009582947727294787
GGT_A_up,0.0009582947727294787
TGA_A_up,0.0009582947727294787
TGC_A_up,0.0009582947727294787
TGG_A_up,0.0009582947727294787
TGT_A_up,0.0009582947727294787
AGA_C_p,0.0003625874507429497
AGC_C_p,0.0003625874507429497
AGG_C_p,0.0003625874507429497
AGT_C_p,0.0003625874507429497
CGA_C_p,0.0003625874507429497
CGC_C_p,0.0003625874507429497
CGG_C_p,0.0003625874507429497
CGT_C_p,0.0003625874507429497
GGA_C_p,0.0003625874507429497
GGC_C_p,0.0003625874507429497
GGG_C_p,0.0003625874507429497
GGT_C_p,0.0003625874507429497
TGA_C_p,0.0003625874507429497
TGC_C_p,0.0003625874507429497
TGG_C_p,0.0003625874507429497
TGT_C_p,0.0003625874507429497
AGA_C_up,0.0
AGC_C_up,0.0
AGG_C_up,0.0
AGT_C_up,0.0
CGA_C_up,0.0
CGC_C_up,0.0
CGG_C_up,0.0
CGT_C_up,0.0
GGA_C_up,0.0
GGC_C_up,0.0
GGG_C_up,0.0
GGT_C_up,0.0
TGA_C_up,0.0
TGC_C_up,0.0
TGG_C_up,0.0
TGT_C_up,0.0
AGA_T_p,0.003202855814896056
AGC_T_p,0.003202855814896056
AGG_T_p,0.003202855814896056
AGT_T_p,0.003202855814896056
CGA_T_p,0.003202855814896056
CGC_T_p,0.003202855814896056
CGG_T_p,0.003202855814896056
CGT_T_p,0.003202855814896056
GGA_T_p,0.003202855814896056
GGC_T_p,0.003202855814896056
GGG_T_p,0.003202855814896056
GGT_T_p,0.003202855814896056
TGA_T_p,0.003202855814896056
TGC_T_p,0.003202855814896056
TGG_T_p,0.003202855814896056
TGT_T_p,0.003202855814896056
AGA_T_up,0.0062423839492772686
AGC_T_up,0.0062423839492772686
AGG_T_up,0.0062423839492772686
AGT_T_up,0.0062423839492772686
CGA_T_up,0.0062423839492772686
CGC_T_up,0.0062423839492772686
CGG_T_up,0.0062423839492772686
CGT_T_up,0.0062423839492772686
GGA_T_up,0.0062423839492772686
GGC_T_up,0.0062423839492772686
GGG_T_up,0.0062423839492772686
GGT_T_up,0.0062423839492772686
TGA_T_up,0.0062423839492772686
TGC_T_up,0.0062423839492772686
TGG_T_up,0.0062423839492772686
TGT_T_up,0.0062423839492772686
ATA_A_p,0.00010454124793412495
ATC_A_p,0.00010454124793412495
ATG_A_p,0.00010454124793412495
ATT_A_p,0.00010454124793412495
CTA_A_p,0.00010454124793412495
CTC_A_p,0.00010454124793412495
CTG_A_p,0.00010454124793412495
CTT_A_p,0.00010454124793412495
GTA_A_p,0.00010454124793412495
GTC_A_p,0.00010454124793412495
GTG_A_p,0.00010454124793412495
GTT_A_p,0.00010454124793412495
TTA_A_p,0.00010454124793412495
TTC_A_p,0.00010454124793412495
TTG_A_p,0.00010454124793412495
TTT_A_p,0.00010454124793412495
ATA_A_up,0.00019803741338349004
ATC_A_up,0.00019803741338349004
ATG_A_up,0.00019803741338349004
ATT_A_up,0.00019803741338349004
CTA_A_up,0.00019803741338349004
CTC_A_up,0.00019803741338349004
CTG_A_up,0.00019803741338349004
CTT_A_up,0.00019803741338349004
GTA_A_up,0.00019803741338349004
GTC_A_up,0.00019803741338349004
GTG_A_up,0.00019803741338349004
GTT_A_up,0.00019803741338349004
TTA_A_up,0.00019803741338349004
TTC_A_up,0.00019803741338349004
TTG_A_up,0.00019803741338349004
TTT_A_up,0.00019803741338349004
ATA_C_p,0.000690978515757104
ATC_C_p,0.000690978515757104
ATG_C_p,0.000690978515757104
ATT_C_p,0.000690978515757104
CTA_C_p,0.000690978515757104
CTC_C_p,0.000690978515757104
CTG_C_p,0.000690978515757104
CTT_C_p,0.000690978515757104
GTA_C_p,0.000690978515757104
GTC_C_p,0.000690978515757104
GTG_C_p,0.000690978515757104
GTT_C_p,0.000690978515757104
TTA_C_p,0.000690978515757104
TTC_C_p,0.000690978515757104
TTG_C_p,0.000690978515757104
TTT_C_p,0.000690978515757104
ATA_C_up,0.0009068463221185649
ATC_C_up,0.0009068463221185649
ATG_C_up,0.0009068463221185649
ATT_C_up,0.0009068463221185649
CTA_C_up,0.0009068463221185649
CTC_C_up,0.0009068463221185649
CTG_C_up,0.0009068463221185649
CTT_C_up,0.0009068463221185649
GTA_C_up,0.0009068463221185649
GTC_C_up,0.0009068463221185649
GTG_C_up,0.0009068463221185649
GTT_C_up,0.0009068463221185649
TTA_C_up,0.0009068463221185649
TTC_C_up,0.0009068463221185649
TTG_C_up,0.0009068463221185649
TTT_C_up,0.0009068463221185649
ATA_G_p,8.057498905398882e-05
ATC_G_p,8.057498905398882e-05
ATG_G_p,8.057498905398882e-05
ATT_G_p,8.057498905398882e-05
CTA_G_p,8.057498905398882e-05
CTC_G_p,8.057498905398882e-05
CTG_G_p,8.057498905398882e-05
CTT_G_p,8.057498905398882e-05
GTA_G_p,8.057498905398882e-05
GTC_G_p,8.057498905398882e-05
GTG_G_p,8.057498905398882e-05
GTT_G_p,8.057498905398882e-05
TTA_G_p,8.057498905398882e-05
TTC_G_p,8.057498905398882e-05
TTG_G_p,8.057498905398882e-05
TTT_G_p,8.057498905398882e-05
ATA_G_up,0.00012874481946669952
ATC_G_up,0.00012874481946669952
ATG_G_up,0.00012874481946669952
ATT_G_up,0.00012874481946669952
CTA_G_up,0.00012874481946669952
CTC_G_up,0.00012874481946669952
CTG_G_up,0.00012874481946669952
CTT_G_up,0.00012874481946669952
GTA_G_up,0.00012874481946669952
GTC_G_up,0.00012874481946669952
GTG_G_up,0.00012874481946669952
GTT_G_up,0.00012874481946669952
TTA_G_up,0.00012874481946669952
TTC_G_up,0.00012874481946669952
TTG_G_up,0.00012874481946669952
TTT_G_up,0.00012874481946669952
