AAA_C_p,0.0
AAC_C_p,0.0
AAG_C_p,0.0032029856263582927
AAT_C_p,0.0
CAA_C_p,0.00010208430680753148
CAC_C_p,0.00013896170796266584
CAG_C_p,0.0002741335511627135
CAT_C_p,0.00016231346079518375
GAA_C_p,0.0006961852502327735
GAC_C_p,0.00016652050046618612
GAG_C_p,0.0014232676108685979
GAT_C_p,0.0005448116373948046
TAA_C_p,3.508625929555092e-05
TAC_C_p,3.0408091389477465e-05
TAG_C_p,5.300492994496072e-05
TAT_C_p,9.882629701580177e-05
AAA_C_up,0.0
AAC_C_up,0.0
AAG_C_up,0.00038643616140794277
AAT_C_up,0.0
CAA_C_up,0.0001312579484437876
CAC_C_up,0.00013575040798873868
CAG_C_up,0.0005139395727799008
CAT_C_up,0.00019427391721055045
GAA_C_up,0.0008322214485541201
GAC_C_up,0.0002172006527819819
GAG_C_up,0.000647257945290306
GAT_C_up,0.0007095221324211409
TAA_C_up,5.7261990278886134e-05
TAC_C_up,4.7864588298251566e-05
TAG_C_up,9.67530180574283e-05
TAT_C_up,0.00022543929823233295
AAA_G_p,0.0009951739000192625
AAC_G_p,0.0021194893550576083
AAG_G_p,0.00224581793609573
AAT_G_p,0.0015875852364971375
CAA_G_p,0.0010621111921038915
CAC_G_p,0.0010512044496469898
CAG_G_p,0.0016912690829956989
CAT_G_p,0.002046382366481051
GAA_G_p,0.001044665075154629
GAC_G_p,0.0010285089734676201
GAG_G_p,0.001433062179312608
GAT_G_p,0.0032561997862898787
TAA_G_p,0.0009254636509840968
TAC_G_p,0.001310081937363321
TAG_G_p,0.0030325907358695094
TAT_G_p,0.004451406711737395
AAA_G_up,0.0010740398054946453
AAC_G_up,0.0013471491650454551
AAG_G_up,0.0022722986325196958
AAT_G_up,0.002061119878767965
CAA_G_up,0.001348675420259918
CAC_G_up,0.0012719813228544816
CAG_G_up,0.0019778035912147527
CAT_G_up,0.0020407207999160433
GAA_G_up,0.0012028089482948865
GAC_G_up,0.00113339249724416
GAG_G_up,0.0017075312857168113
GAT_G_up,0.003287874881487251
TAA_G_up,0.001088805852978064
TAC_G_up,0.0012091688105462803
TAG_G_up,0.0017766208950703963
TAT_G_up,0.0037161516337605597
AAA_T_p,0.0
AAC_T_p,0.0
AAG_T_p,0.0
AAT_T_p,0.0
CAA_T_p,0.0006277098865399277
CAC_T_p,0.00022233873274026534
CAG_T_p,0.0005256255797323961
CAT_T_p,0.0004006471500640612
GAA_T_p,0.00028807665526873387
GAC_T_p,8.688026111279275e-05
GAG_T_p,0.0002800745259557135
GAT_T_p,0.00011403034271054049
TAA_T_p,0.00016763434996763219
TAC_T_p,0.00021285663972634225
TAG_T_p,0.00024529193720845155
TAT_T_p,0.00022045866257371162
AAA_T_up,0.0
AAC_T_up,0.0
AAG_T_up,0.0
AAT_T_up,0.0
CAA_T_up,0.0007536393873147473
CAC_T_up,0.00027285832005736473
CAG_T_up,0.0011371092998586111
CAT_T_up,0.0005997151357369167
GAA_T_up,0.00034409156045987657
GAC_T_up,9.774029375189185e-05
GAG_T_up,0.0005252306694546108
GAT_T_up,0.00035476106621057043
TAA_T_up,0.0002448443722269614
TAC_T_up,0.0001154381247193126
TAG_T_up,0.0002933486463455473
TAT_T_up,0.00016776878007987567
ACA_A_p,0.0
ACC_A_p,0.0
ACG_A_p,0.0006993861019579816
ACT_A_p,0.0
CCA_A_p,0.0006610454649886406
CCC_A_p,0.0006358055472345288
CCG_A_p,0.001185915564189621
CCT_A_p,0.0014614501065759067
GCA_A_p,0.0005336321920310261
GCC_A_p,0.0011250993814106664
GCG_A_p,0.0007167621541805402
GCT_A_p,0.0005416441278750673
TCA_A_p,0.0004899081390526925
TCC_A_p,0.000856955302794365
TCG_A_p,0.0007855423608948346
TCT_A_p,0.0007154845032818227
ACA_A_up,0.0
ACC_A_up,0.0
ACG_A_up,0.00045612137084216197
ACT_A_up,0.0
CCA_A_up,0.001610807003334482
CCC_A_up,0.0011110648776924458
CCG_A_up,0.0021987389158545246
CCT_A_up,0.0014911660200609142
GCA_A_up,0.0006461719420263961
GCC_A_up,0.00048652946223163944
GCG_A_up,0.0008108824370527323
GCT_A_up,0.0007906103761264142
TCA_A_up,0.0009808100065821653
TCC_A_up,0.0009882629701580177
TCG_A_up,0.0009260646014068137
TCT_A_up,0.0008802342244322425
ACA_G_p,0.0
ACC_G_p,0.0
ACG_G_p,0.0
ACT_G_p,0.0
CCA_G_p,6.169757673227312e-05
CCC_G_p,6.910929861244878e-05
CCG_G_p,5.84770988259182e-05
CCT_G_p,7.136592877122263e-05
GCA_G_p,3.279303973375021e-05
GCC_G_p,3.0408091389477465e-05
GCG_G_p,4.471778145511392e-05
GCT_G_p,4.7512642796058536e-05
TCA_G_p,9.730589244632789e-05
TCC_G_p,0.00012520978807431898
TCG_G_p,7.154845032818227e-05
TCT_G_p,0.002111190345040864
ACA_G_up,0.0
ACC_G_up,0.0
ACG_G_up,0.0
ACT_G_up,0.0
CCA_G_up,0.0002095692784950474
CCC_G_up,0.00015204045694738733
CCG_G_up,5.528743888995903e-05
CCT_G_up,8.186793835628548e-05
GCA_G_up,3.801011423684683e-05
GCC_G_up,0.0
GCG_G_up,5.068015231579577e-05
GCT_G_up,0.0
TCA_G_up,0.0002085126266707026
TCC_G_up,0.00012670038078948945
TCG_G_up,0.00021961399336844836
TCT_G_up,0.0002308762494386252
ACA_T_p,0.008353411192573122
ACC_T_p,0.0065350722722999815
ACG_T_p,0.014291802953054409
ACT_T_p,0.006080296186965516
CCA_T_p,0.0074654067846050476
CCC_T_p,0.012812863962748004
CCG_T_p,0.014853183101783223
CCT_T_p,0.007067259860864763
GCA_T_p,0.005116161376279583
GCC_T_p,0.007959765099010278
GCG_T_p,0.01060613256567464
GCT_T_p,0.006892500714948226
TCA_T_p,0.007361053066547092
TCC_T_p,0.007314835317579857
TCG_T_p,0.01296490441969539
TCT_T_p,0.007755583708886227
ACA_T_up,0.02434061640990266
ACC_T_up,0.016116288436423057
ACG_T_up,0.03620963514141724
ACT_T_up,0.019260092723625485
CCA_T_up,0.023837478128426858
CCC_T_up,0.02277098228281255
CCG_T_up,0.026883517160242575
CCT_T_up,0.020217379709346006
GCA_T_up,0.02707840538232968
GCC_T_up,0.014432983377362697
GCG_T_up,0.03393036197542527
GCT_T_up,0.01822965078799174
TCA_T_up,0.025714582737997732
TCC_T_up,0.025403426348292634
TCG_T_up,0.03778205355142575
TCT_T_up,0.027664208319391672
AGA_A_p,0.0023296521629035155
AGC_A_p,0.0029786107701965424
AGG_A_p,0.003995063059525427
AGT_A_p,0.0019860284688752467
CGA_A_p,0.0036489709667372958
CGC_A_p,0.006150036483521817
CGG_A_p,0.009286163293555812
CGT_A_p,0.005338309377263822
GGA_A_p,0.0030408091389477463
GGC_A_p,0.004276137851645268
GGG_A_p,0.005962157918865403
GGT_A_p,0.0021643406224275135
TGA_A_p,0.0014461522532902653
TGC_A_p,0.0018883424752865505
TGG_A_p,0.0033128815355904398
TGT_A_p,0.0019488822208710557
AGA_A_up,0.002251771595134581
AGC_A_up,0.0026887154491748496
AGG_A_up,0.004297143441091947
AGT_A_up,0.001696095764168632
CGA_A_up,0.005138967444821691
CGC_A_up,0.00780474345663255
CGG_A_up,0.01249265754584366
CGT_A_up,0.006047831509684963
GGA_A_up,0.001368364112526486
GGC_A_up,0.0076020228473693665
GGG_A_up,0.003466522418400431
GGT_A_up,0.0034969305097899083
TGA_A_up,0.0014481853524238642
TGC_A_up,0.0016724450264212606
TGG_A_up,0.0030745959071582767
TGT_A_up,0.0025846877681055844
AGA_C_p,0.0
AGC_C_p,0.0
AGG_C_p,0.0
AGT_C_p,0.0
CGA_C_p,0.00019765259403160354
CGC_C_p,0.00019005057118423415
CGG_C_p,0.000292385494129591
CGT_C_p,0.00028718752978950935
GGA_C_p,0.00035476106621057043
GGC_C_p,0.00015204045694738733
GGG_C_p,8.688026111279275e-05
GGT_C_p,4.344013055639637e-05
TGA_C_p,0.0006023141179069575
TGC_C_p,0.00010136030463159154
TGG_C_p,6.081618277895493e-05
TGT_C_p,0.00021017357283903542
AGA_C_up,0.0
AGC_C_up,0.0
AGG_C_up,0.0
AGT_C_up,0.0
CGA_C_up,0.0005777537364000717
CGC_C_up,0.00020272060926318307
CGG_C_up,0.0003294209900526725
CGT_C_up,0.003902371728316275
GGA_C_up,0.0
GGC_C_up,0.0002534007615789789
GGG_C_up,0.00015204045694738733
GGT_C_up,0.00015204045694738733
TGA_C_up,0.00042929070196909367
TGC_C_up,0.00013032039166918912
TGG_C_up,0.00018244854833686478
TGT_C_up,0.00036489709667372955
AGA_T_p,0.0
AGC_T_p,0.0
AGG_T_p,0.0
AGT_T_p,0.0
CGA_T_p,0.002949584864779314
CGC_T_p,0.005009733056416413
CGG_T_p,0.005777537364000719
CGT_T_p,0.004121985721684723
GGA_T_p,0.004358493099158436
GGC_T_p,0.003610960852500449
GGG_T_p,0.0033448900528425213
GGT_T_p,0.0036055308361808997
TGA_T_p,0.003239631274955868
TGC_T_p,0.002787408377368767
TGG_T_p,0.006248862780537619
TGT_T_p,0.003013978470074678
AGA_T_up,0.0
AGC_T_up,0.0
AGG_T_up,0.0
AGT_T_up,0.0
CGA_T_up,0.009943445884359131
CGC_T_up,0.005042675155421679
CGG_T_up,0.008939978868506374
CGT_T_up,0.01037253784063287
GGA_T_up,0.0
GGC_T_up,0.012264596860422578
GGG_T_up,0.00228060685421081
GGT_T_up,0.013835681582212246
TGA_T_up,0.00597429560240322
TGC_T_up,0.0071676215418054025
TGG_T_up,0.0041963166117478905
TGT_T_up,0.005868761638169151
ATA_A_p,0.0
ATC_A_p,0.0
ATG_A_p,0.0
ATT_A_p,0.0
CTA_A_p,0.00022924850149098246
CTC_A_p,0.0003615184198526765
CTG_A_p,0.0008288952622734068
CTT_A_p,0.00022806068542108099
GTA_A_p,3.745924301602296e-05
GTC_A_p,7.154845032818227e-05
GTG_A_p,0.001419842377477176
GTT_A_p,7.215479312757364e-05
TTA_A_p,0.0012957682186687245
TTC_A_p,0.00023186169684476566
TTG_A_p,0.00082682675463523
TTT_A_p,0.00013082550946635652
ATA_A_up,0.0
ATC_A_up,0.0
ATG_A_up,0.0
ATT_A_up,0.0
CTA_A_up,0.00020272060926318307
CTC_A_up,0.00035554076086158267
CTG_A_up,0.0007642033493934468
CTT_A_up,0.00022520992685331746
GTA_A_up,5.068015231579577e-05
GTC_A_up,0.00021285663972634225
GTG_A_up,0.00015204045694738733
GTT_A_up,2.235889072755696e-05
TTA_A_up,0.00019972178368236678
TTC_A_up,0.0002764371944497951
TTG_A_up,0.0007273286724239881
TTT_A_up,0.00018389655268874467
ATA_C_p,0.0037452632561373075
ATC_C_p,0.005570762342552271
ATG_C_p,0.002435798408711511
ATT_C_p,0.00202460711046179
CTA_C_p,0.0015025873284253513
CTC_C_p,0.0021116730131581574
CTG_C_p,0.0015707794196672847
CTT_C_p,0.0012027080922703774
GTA_C_p,0.0010552638494907645
GTC_C_p,0.0017015591564750157
GTG_C_p,0.0012215664299565947
GTT_C_p,0.0011640960176964085
TTA_C_p,0.0012366670970016362
TTC_C_p,0.0018741910173706783
TTG_C_p,0.0012594956371814433
TTT_C_p,0.001265160893265229
ATA_C_up,0.004105092337579458
ATC_C_up,0.005588461411130249
ATG_C_up,0.0030611660202126685
ATT_C_up,0.0029622454827556025
CTA_C_up,0.0020004180121220533
CTC_C_up,0.002511043171771694
CTG_C_up,0.0017580678100705786
CTT_C_up,0.0014177772610343867
GTA_C_up,0.0013593140853272365
GTC_C_up,0.0020112780447611523
GTG_C_up,0.0012986207836515374
GTT_C_up,0.0014003726297785676
TTA_C_up,0.001517971922162715
TTC_C_up,0.0021450925338881385
TTG_C_up,0.0013498919074768035
TTT_C_up,0.0018097901232175995
ATA_G_p,0.0
ATC_G_p,0.0
ATG_G_p,0.0
ATT_G_p,0.0
CTA_G_p,5.820298742517171e-05
CTC_G_p,0.0005642390291158597
CTG_G_p,0.0002106584644451752
CTT_G_p,0.00043273053131179473
GTA_G_p,2.2034848832954686e-05
GTC_G_p,8.049200661920505e-05
GTG_G_p,5.028109599834857e-05
GTT_G_p,8.503957761464036e-05
TTA_G_p,4.8207949763805737e-05
TTC_G_p,0.00046562389940137366
TTG_G_p,0.00014167406215552
TTT_G_p,0.00024326473111581972
ATA_G_up,0.0
ATC_G_up,0.0
ATG_G_up,0.0
ATT_G_up,0.0
CTA_G_up,9.629228940001196e-05
CTC_G_up,0.000610500911742586
CTG_G_up,0.0002632700543983707
CTT_G_up,0.000356344820970439
GTA_G_up,9.502528559211708e-06
GTC_G_up,0.0001368364112526486
GTG_G_up,8.410748682195895e-05
GTT_G_up,9.390734105573923e-05
TTA_G_up,3.705187606280868e-05
TTC_G_up,0.0004596571954223338
TTG_G_up,0.00023467114007096737
TTT_G_up,0.0002729400974115748
