GA,CT,TA,TC,TG,CA,CG,AG,AC,AT,GC,GT
2.8573576619599854,4.29944062599126,0.14748020055079397,3.457731946229935,-0.1553669281823688,1.0549085095739406,0.05902988611682398,2.3097189132387315,1.6398219918772592,1.0529259904217723,0.9080414644151601,3.429359964895496
0.4841342102562215,0.8890560565109785,0.2419817053768604,-0.22267428503869469,0.5856263682977931,0.8699431884324955,0.2919419530621447,0.47690987650695793,-0.22974797576278363,0.15593377846013934,0.6789543327846289,1.2398919428709039
-0.25595414441018083,0.18682893644802573,0.0,0.5071581273920288,0.0,-0.09233499184367662,0.0,-0.12233537246376126,0.3847039580847698,0.0,0.0,0.0
0.9442582521075525,0.11552196656200596,0.4590508680066064,-0.5052585142234916,0.25720509612055154,1.120559443139651,-0.032409337134897714,0.18615019606823394,-0.8200269176440477,0.7534649141723466,0.530573571280012,0.9476378894303836
0.9172904023742791,0.20089740246246252,0.5744639556756593,-0.01693764801976072,0.6253340425688672,0.7917603382210122,0.30718426282844064,0.20033068298305123,-0.23836548221383513,0.5373340642553026,0.22110692661246445,0.28998561820154656
0.4489059736365608,-0.07571956238799593,-0.8220646937238875,-0.885163130872988,-0.7545166280767337,0.4184814184791038,-0.19231420978984703,0.2963913152274389,0.28522998504651004,0.31018874346874603,-0.3560330070363084,0.6140438695114864
-0.032147920994588464,0.13380326941035697,-0.7366490686907026,-0.32355576351321036,-0.2246794294338157,-0.025797130068455913,-0.33258285979388336,0.17930048703335688,0.720850507958619,0.028169356596188164,0.7455689429802682,0.9588060281937056
0.009377085752811517,-0.034846586309454725,0.26851232089297294,-0.9055629556982187,-0.24368176451914006,0.447214190111139,-0.008188520020355694,0.3713185916877869,-1.8531539722781432,-0.1666614456755238,0.054546567387588875,0.6277862630850783
-0.14505412671335044,0.3675264481960033,0.4041668183926341,-0.3893390009093842,0.1849717551646323,0.19631497212400473,0.31734055002741557,0.21961407896325086,-1.0969369595886527,-0.40956964239436167,-0.2877215368080673,-0.008899703524304012
-0.18736711863094602,0.28817895604274124,-0.42222684170234975,-0.06046178882796942,-0.9620486087822803,-0.05454356647839175,0.04182449980597439,-0.26794638262273834,-0.25036399013674004,0.3595324751328167,0.8089254347907415,0.5433289339691373
0.3502388324297818,0.13151478103548003,0.5062182308282722,0.386411050244012,1.9685813346391439,0.5648102451941951,-0.10857448118729987,0.1636439221804122,-0.12159823292780979,-1.2025312033792663,-0.5198993346394977,-0.039423642977750084
0.08505501693206781,-0.10790079178843502,0.17409181637560792,0.23167756657848343,1.0904117504163702,0.15576332392872824,0.08682704586714934,-0.18892520637387178,-0.42337770249797047,-0.8019686535049946,-0.18835612499565024,0.22069695292760746
0.7836085390342732,0.6686659042788086,1.138206560968933,0.1511054019483122,0.9543764545206163,0.7119321445058812,-0.08363676100738002,0.6927553267799287,0.3984708589235194,0.0985124905890319,-0.5273205021645476,0.27692483206515894
0.4561535438003786,0.6475222614286488,0.7752600587797216,-0.038120279997792966,0.011056579284245062,0.37974286735496054,0.04188214075221899,0.270846485626569,0.15647818098653316,0.5064313880887626,-0.5958859379698769,0.09011624998976141
0.36597547710968137,-0.016692171770376074,0.052750601088891506,-0.20954591622669136,1.456913667002328,0.6825149357115613,0.17907593216513526,1.1321909298117614,0.4397819975379871,-0.23323899640536372,-0.42757232030572007,-0.1273545732572511
0.13029276815527627,0.061255630835543806,-0.2851433280762671,-0.35576978281357774,0.4462066473792392,0.3889805636262683,0.1214082666364634,0.6629349798893321,0.2875155358883685,0.09193856874039048,0.6542709609591068,0.38574980598364683
